City_ID,City,Lat,Lng,Max Temp,Humidity,Cloudiness,Wind Speed,Country,Date
0,mataura,-46.1927,168.8643,10.27,38,21,2.63,NZ,1670292522
1,quelimane,-17.8786,36.8883,25.12,84,20,2.24,MZ,1670292523
2,souillac,-20.5167,57.5167,24.59,79,51,6.71,MU,1670292523
3,kapaa,22.0752,-159.319,26.18,86,75,6.17,US,1670292524
4,burla,21.5,83.8667,17.11,54,0,1.1,IN,1670292524
5,tumut,-35.3,148.2167,21.51,46,15,3.43,AU,1670292525
6,biryusinsk,55.9634,97.8235,-14.29,79,96,6.41,RU,1670292525
7,ushuaia,-54.8,-68.3,5.79,65,40,7.72,AR,1670292525
8,hithadhoo,-0.6,73.0833,27.35,74,100,4.0,MV,1670292526
9,san patricio,28.017,-97.5169,22.31,86,29,5.62,US,1670292526
10,omsukchan,62.5333,155.8,-24.92,97,100,1.62,RU,1670292527
11,cape town,-33.9258,18.4232,19.1,70,38,2.68,ZA,1670292527
12,saskylakh,71.9167,114.0833,-24.13,97,100,9.22,RU,1670292528
13,butaritari,3.0707,172.7902,27.07,81,100,6.85,KI,1670292528
14,mount gambier,-37.8333,140.7667,19.41,42,100,3.01,AU,1670292529
15,arraial do cabo,-22.9661,-42.0278,23.13,89,100,9.86,BR,1670292529
16,yulara,-25.2406,130.9889,39.41,9,3,9.2,AU,1670292529
17,thompson,55.7435,-97.8558,-29.26,96,92,2.77,CA,1670292530
18,iralaya,15.0,-83.2333,25.21,80,16,4.23,HN,1670292530
19,khatanga,71.9667,102.5,-25.17,89,100,4.67,RU,1670292531
20,banikoara,11.2985,2.4386,23.38,21,5,2.27,BJ,1670292531
21,mehamn,71.0357,27.8492,1.97,93,75,4.12,NO,1670292532
22,salalah,17.0151,54.0924,21.85,68,7,2.03,OM,1670292532
23,albany,42.6001,-73.9662,3.5,54,96,2.42,US,1670292342
24,dikson,73.5069,80.5464,-5.54,96,100,5.27,RU,1670292533
25,phultala,22.7,89.5167,18.96,58,1,3.0,BD,1670292533
26,husavik,66.0449,-17.3389,0.1,82,100,3.78,IS,1670292534
27,vaini,-21.2,-175.2,28.09,83,75,5.66,TO,1670292534
28,avarua,-21.2078,-159.775,25.03,83,100,3.09,CK,1670292534
29,punta arenas,-53.15,-70.9167,5.06,65,40,5.14,CL,1670292535
30,roma,43.2128,-75.4557,5.46,52,0,2.57,US,1670292535
31,hay river,60.8156,-115.7999,-28.18,99,100,3.66,CA,1670292536
32,mecca,21.4267,39.8261,23.12,77,1,1.39,SA,1670292404
33,ketchikan,55.3422,-131.6461,2.99,93,100,1.54,US,1670292379
34,nichinan,31.6,131.3667,11.82,63,2,2.62,JP,1670292537
35,pitimbu,-7.4706,-34.8086,24.33,78,7,4.9,BR,1670292537
36,mar del plata,-38.0023,-57.5575,22.19,75,0,6.71,AR,1670292538
37,puerto ayora,-0.7393,-90.3518,20.86,95,22,2.68,EC,1670292538
38,lebu,-37.6167,-73.65,14.38,89,1,1.15,CL,1670292539
39,saint-augustin,51.226,-58.6502,-6.2,86,13,0.59,CA,1670292539
40,baft,29.234,56.6057,5.12,80,23,0.5,IR,1670292539
41,luderitz,-26.6481,15.1594,14.55,75,49,7.88,NA,1670292540
42,talnakh,69.4865,88.3972,-3.77,96,100,3.96,RU,1670292540
43,kerch,45.3583,36.4758,0.82,82,53,11.76,UA,1670292541
44,tieling,42.2931,123.8414,-6.17,44,0,5.59,CN,1670292541
45,bambous virieux,-20.3428,57.7575,23.45,79,49,6.91,MU,1670292541
46,miandrivazo,-19.5167,45.4667,24.63,80,6,1.11,MG,1670292542
47,henties bay,-22.116,14.2845,13.66,90,10,4.11,NA,1670292542
48,wakkanai,45.4094,141.6739,0.48,65,100,11.9,JP,1670292543
49,muisne,0.6,-80.0333,23.58,80,88,1.63,EC,1670292543
50,barrow,71.2906,-156.7887,-5.99,79,0,6.69,US,1670292544
51,lasa,46.6166,10.7002,-1.47,77,15,1.98,IT,1670292545
52,hermanus,-34.4187,19.2345,14.92,72,58,2.53,ZA,1670292545
53,ambulu,-8.345,113.6058,28.62,69,99,0.59,ID,1670292545
54,ilulissat,69.2167,-51.1,4.01,48,20,10.29,GL,1670292546
55,sitangkai,4.6628,119.3928,27.93,74,51,2.14,PH,1670292546
56,yekimovichi,54.1129,33.2965,-8.25,85,100,3.75,RU,1670292547
57,tshikapa,-6.4167,20.8,18.08,96,100,0.88,CD,1670292547
58,ostrovnoy,68.0531,39.5131,-3.94,88,100,9.33,RU,1670292548
59,upernavik,72.7868,-56.1549,-2.59,63,63,4.69,GL,1670292548
60,carnarvon,-24.8667,113.6333,23.14,62,38,7.21,AU,1670292549
61,naze,28.3667,129.4833,15.69,65,95,7.59,JP,1670292549
62,atuona,-9.8,-139.0333,25.39,74,36,6.43,PF,1670292549
63,geraldton,-28.7667,114.6,25.23,53,0,7.72,AU,1670292550
64,hobart,-42.8794,147.3294,17.25,55,75,8.23,AU,1670292004
65,yarmouth,41.7057,-70.2286,6.65,86,0,2.06,US,1670292551
66,lebyazhye,55.2689,66.4947,-20.13,100,17,0.62,RU,1670292551
67,hilo,19.7297,-155.09,25.85,82,40,5.66,US,1670292334
68,kamenskiy,50.8855,45.488,-11.43,79,4,2.2,RU,1670292552
69,yaan,7.3833,8.5667,22.7,20,35,1.11,NG,1670292552
70,la plata,-34.9215,-57.9545,24.07,63,0,5.15,AR,1670292553
71,rikitea,-23.1203,-134.9692,24.1,81,100,5.93,PF,1670292553
72,fortuna,40.5982,-124.1573,7.77,94,40,0.0,US,1670292554
73,bredasdorp,-34.5322,20.0403,13.47,74,99,1.12,ZA,1670292554
74,tuatapere,-46.1333,167.6833,12.78,54,48,3.06,NZ,1670292555
75,furstenwalde,52.3667,14.0667,2.86,91,100,2.23,DE,1670292555
76,bahia blanca,-38.7196,-62.2724,24.29,69,20,12.35,AR,1670292500
77,aripuana,-9.1667,-60.6333,22.02,99,99,0.91,BR,1670292556
78,pangnirtung,66.1451,-65.7125,-7.34,96,100,1.33,CA,1670292556
79,codrington,-38.2667,141.9667,16.66,58,36,3.86,AU,1670292557
80,jamestown,42.097,-79.2353,6.77,47,75,4.12,US,1670292275
81,srednekolymsk,67.45,153.6833,-32.66,98,100,1.65,RU,1670292557
82,tasiilaq,65.6145,-37.6368,-2.91,58,8,1.87,GL,1670292558
83,busselton,-33.65,115.3333,20.98,40,0,4.87,AU,1670292558
84,port hardy,50.6996,-127.4199,3.71,83,100,1.54,CA,1670292558
85,tiksi,71.6872,128.8694,-26.09,94,100,5.08,RU,1670292559
86,cheyenne,41.14,-104.8203,3.32,58,100,7.6,US,1670292559
87,ribeira grande,38.5167,-28.7,15.99,86,100,8.49,PT,1670292560
88,port alfred,-33.5906,26.891,13.43,94,100,1.34,ZA,1670292560
89,kangaatsiaq,68.3065,-53.4641,-5.39,86,85,4.03,GL,1670292561
90,tuktoyaktuk,69.4541,-133.0374,-26.52,81,17,9.6,CA,1670292561
91,aransas pass,27.9095,-97.15,22.21,91,0,5.81,US,1670292562
92,superior,46.7208,-92.1041,-8.5,67,0,5.66,US,1670292563
93,paraiso,9.8383,-83.8656,18.29,86,97,1.6,CR,1670292563
94,saint-philippe,-21.3585,55.7679,23.77,85,98,4.63,RE,1670292564
95,tautira,-17.7333,-149.15,26.28,74,17,6.65,PF,1670292564
96,veraval,20.9,70.3667,20.93,44,0,5.15,IN,1670292564
97,guasdualito,7.2424,-70.7324,24.98,88,20,1.03,VE,1670292565
98,georgetown,5.4112,100.3354,28.96,82,20,1.54,MY,1670292565
99,acapulco,16.8634,-99.8901,26.9,83,20,1.54,MX,1670292566
100,bluff,-46.6,168.3333,10.45,56,9,4.26,NZ,1670292506
101,tosya,41.0155,34.0401,4.36,74,97,0.07,TR,1670292566
102,imbituba,-28.24,-48.6703,24.92,97,67,3.28,BR,1670292567
103,qaqortoq,60.7167,-46.0333,-0.25,73,100,5.18,GL,1670292567
104,banda aceh,5.5577,95.3222,25.83,79,98,2.05,ID,1670292364
105,deputatskiy,69.3,139.9,-34.44,96,100,0.85,RU,1670292568
106,yellowknife,62.456,-114.3525,-34.69,73,14,4.47,CA,1670292568
107,pacific grove,36.6177,-121.9166,12.28,89,0,3.13,US,1670292569
108,santa rosalia,27.3167,-112.2833,20.01,57,98,0.49,MX,1670292569
109,puerto del rosario,28.5004,-13.8627,17.86,82,20,2.57,ES,1670292100
110,kota belud,6.351,116.4305,29.03,67,49,1.15,MY,1670292570
111,waingapu,-9.6567,120.2641,29.87,61,100,2.65,ID,1670292571
112,skjervoy,70.0311,20.9714,-1.0,82,100,12.9,NO,1670292571
113,port blair,11.6667,92.75,27.7,82,86,9.41,IN,1670292572
114,verkhnyaya inta,65.9811,60.3094,-17.25,97,52,2.93,RU,1670292572
115,cabo san lucas,22.8909,-109.9124,25.84,72,0,5.14,MX,1670292573
116,pangody,65.85,74.4859,-17.21,97,28,3.44,RU,1670292573
117,ponta do sol,32.6667,-17.1,18.73,74,100,0.81,PT,1670292573
118,norman wells,65.282,-126.8329,-29.11,89,56,5.17,CA,1670292574
119,daokou,35.5639,114.5058,4.85,43,100,1.77,CN,1670292574
120,beringovskiy,63.05,179.3167,-2.78,70,75,10.63,RU,1670292575
121,milkovo,54.7167,158.6167,-8.39,74,25,6.04,RU,1670292575
122,usinsk,65.9939,57.5281,-15.96,92,64,7.33,RU,1670292576
123,buraydah,26.326,43.975,15.63,78,69,4.47,SA,1670292576
124,komsomolskiy,40.4272,71.7189,-1.6,80,75,2.06,UZ,1670292577
125,cockburn town,21.4612,-71.1419,25.96,60,1,8.42,TC,1670292577
126,bouillante,16.1304,-61.7692,22.57,77,58,4.19,GP,1670292578
127,katobu,-4.9408,122.5276,30.09,64,100,1.54,ID,1670292578
128,olinda,-8.0089,-34.8553,26.85,74,75,2.57,BR,1670292268
129,black river,18.0264,-77.8487,22.74,79,0,3.39,JM,1670292579
130,port-gentil,-0.7193,8.7815,27.2,78,100,3.58,GA,1670292579
131,mosquera,4.7059,-74.2302,12.05,87,40,2.06,CO,1670292580
132,kloulklubed,7.0419,134.2556,28.2,77,100,5.51,PW,1670292580
133,ventersburg,-28.0856,27.1381,12.45,27,0,2.13,ZA,1670292580
134,yarada,17.65,83.2667,21.18,94,83,3.09,IN,1670292581
135,palmer,42.1584,-72.3287,4.23,86,75,1.54,US,1670292581
136,caceres,39.522,-6.3748,10.42,97,100,1.85,ES,1670292582
137,gizo,-8.103,156.8419,29.22,70,100,4.75,SB,1670292582
138,campbell river,50.0163,-125.2446,1.81,100,75,1.54,CA,1670292583
139,virginia beach,36.8529,-75.978,10.01,70,75,1.54,US,1670292203
140,lorengau,-2.0226,147.2712,27.12,83,99,4.07,PG,1670292583
141,paralimni,35.0375,33.9833,13.97,84,6,3.13,CY,1670292584
142,san policarpo,12.1791,125.5072,27.6,80,100,4.4,PH,1670292584
143,magadan,59.5667,150.8,-21.33,82,27,3.04,RU,1670292585
144,kodiak,57.79,-152.4072,0.73,100,100,2.57,US,1670292585
145,krasnovishersk,60.4078,57.082,-15.76,98,99,1.38,RU,1670292585
146,davila,18.4726,120.5763,27.47,75,23,10.01,PH,1670292586
147,westport,41.1415,-73.3579,5.67,83,40,1.54,US,1670292423
148,hof,50.3167,11.9167,2.47,72,75,4.47,DE,1670292586
149,bengkulu,-3.8004,102.2655,26.69,77,100,0.58,ID,1670292587
150,valparaiso,-33.0393,-71.6273,14.8,82,0,1.54,CL,1670292395
151,kavaratti,10.5669,72.642,27.8,67,91,1.84,IN,1670292588
152,ningyang,35.7642,116.7914,3.93,39,50,1.64,CN,1670292358
153,ayan,56.45,138.1667,-13.07,64,100,4.26,RU,1670292589
154,muroran,42.3172,140.9881,2.35,56,88,5.28,JP,1670292589
155,katherine,-14.4667,132.2667,33.18,46,100,4.12,AU,1670292589
156,goulburn,-34.75,149.7167,20.7,41,49,1.75,AU,1670292590
157,havre-saint-pierre,50.2334,-63.5986,1.54,74,22,9.77,CA,1670292590
158,victoria,22.2855,114.1577,16.29,76,100,5.36,HK,1670292359
159,huarmey,-10.0681,-78.1522,19.0,86,43,3.21,PE,1670292591
160,inuvik,68.3499,-133.7218,-23.94,77,99,6.39,CA,1670292592
161,tachov,49.7953,12.6337,2.26,99,100,2.68,CZ,1670292592
162,sungai padi,6.0851,101.8766,28.82,87,96,1.16,TH,1670292593
163,okato,-39.2,173.8833,19.95,100,100,3.31,NZ,1670292593
164,new norfolk,-42.7826,147.0587,16.62,44,48,1.79,AU,1670292593
165,tailai,46.3833,123.4,-10.46,62,9,6.18,CN,1670292594
166,tilichiki,60.4667,166.1,-15.06,87,79,4.25,RU,1670292594
167,vila,42.0304,-8.1588,4.49,92,88,1.09,PT,1670292595
168,west plains,36.7281,-91.8524,7.76,88,100,0.45,US,1670292595
169,lodingen,68.414,15.9951,1.08,89,100,4.23,NO,1670292595
170,kavarna,43.4333,28.3333,6.6,96,100,2.82,BG,1670292596
171,ulladulla,-35.35,150.4667,17.55,70,81,3.01,AU,1670292596
172,qaanaaq,77.484,-69.3632,0.54,71,100,6.41,GL,1670292597
173,touros,-5.1989,-35.4608,25.84,73,0,5.8,BR,1670292598
174,tual,-5.6667,132.75,28.29,70,94,3.6,ID,1670292598
175,saint marys,30.7305,-81.5465,19.01,95,0,0.0,US,1670292519
176,comodoro rivadavia,-45.8667,-67.5,17.92,34,0,12.35,AR,1670292452
177,asau,46.4333,26.4,-1.49,98,100,1.33,RO,1670292599
178,manthani,18.65,79.6667,16.76,61,6,1.59,IN,1670292114
179,union,40.6334,-74.2663,7.16,67,0,0.0,US,1670292600
180,eydhafushi,5.1033,73.0708,26.43,80,100,3.27,MV,1670292600
181,lafayette,30.2335,-92.0668,22.25,92,40,0.89,US,1670292600
182,airai,-8.9266,125.4092,25.21,36,64,1.0,TL,1670292601
183,saint george,37.1041,-113.5841,12.75,68,40,2.06,US,1670292484
184,taltal,-25.4,-70.4833,18.04,79,22,1.25,CL,1670292602
185,ambilobe,-13.2,49.05,22.99,87,3,1.15,MG,1670292602
186,arzgir,45.3728,44.2206,-7.26,50,7,3.93,RU,1670292413
187,mkushi,-13.6202,29.3939,17.28,84,100,1.3,ZM,1670292603
188,korfovskiy,48.2183,135.0564,-11.3,76,24,5.2,RU,1670292603
189,elizabeth city,36.2946,-76.2511,10.01,93,0,1.54,US,1670292604
190,sisimiut,66.9395,-53.6735,1.08,75,100,5.47,GL,1670292604
191,viedma,-40.8135,-62.9967,25.11,44,100,5.37,AR,1670292605
192,sterling,39.0062,-77.4286,4.94,69,0,2.06,US,1670292561
193,chuy,-33.6971,-53.4616,17.61,94,0,2.82,UY,1670292605
194,bud,39.447,-86.1758,6.62,87,100,2.96,US,1670292606
195,udachnyy,66.4167,112.4,-32.84,100,94,2.52,RU,1670292606
196,dubuque,42.4833,-90.8668,2.01,67,100,3.6,US,1670292607
197,isangel,-19.55,169.2667,29.16,71,84,3.56,VU,1670292607
198,mabaruma,8.2,-59.7833,22.07,97,88,0.94,GY,1670292608
199,hasaki,35.7333,140.8333,7.9,86,100,9.51,JP,1670292608
200,vila do maio,15.1333,-23.2167,21.44,68,22,2.99,CV,1670292609
201,tadine,-21.55,167.8833,28.43,74,89,4.89,NC,1670292609
202,kindu,-2.95,25.95,19.71,99,100,0.26,CD,1670292610
203,itaituba,-4.2761,-55.9836,23.47,95,99,0.48,BR,1670292610
204,vanimo,-2.6741,141.3028,26.95,84,100,1.22,PG,1670292611
205,keti bandar,24.1447,67.4497,20.5,32,0,3.81,PK,1670292611
206,sioux lookout,50.1001,-91.917,-23.93,96,35,1.11,CA,1670292612
207,beloha,-25.1667,45.05,24.46,69,7,2.66,MG,1670292612
208,banjar,-8.19,114.9675,30.48,63,100,1.17,ID,1670292613
209,goranboy,40.6103,46.7897,1.16,90,93,1.08,AZ,1670292613
210,tondano,1.3038,124.9112,25.05,90,100,1.05,ID,1670292614
211,santa isabel do rio negro,-0.4139,-65.0192,24.64,89,100,1.06,BR,1670292614
212,lucapa,-8.4192,20.7447,16.01,97,74,0.63,AO,1670292615
213,tiznit,29.5833,-9.5,13.76,86,100,0.66,MA,1670292615
214,camacha,33.0833,-16.3333,15.68,77,20,1.03,PT,1670292616
215,katsuura,35.1333,140.3,8.98,91,100,8.73,JP,1670292616
216,hornepayne,49.2138,-84.7705,-15.3,91,100,2.76,CA,1670292617
217,ornskoldsvik,63.2909,18.7153,-1.47,93,7,3.09,SE,1670292617
218,nanakuli,21.3906,-158.1547,26.97,57,100,3.6,US,1670292618
219,esperance,-33.8667,121.9,18.46,70,97,5.53,AU,1670292618
220,potiskum,11.7091,11.0694,18.76,22,19,4.07,NG,1670292618
221,dudinka,69.4058,86.1778,-3.54,94,100,7.29,RU,1670292619
222,kahului,20.8947,-156.47,28.01,71,40,1.54,US,1670292619
223,dongsheng,39.8161,109.9776,-7.35,37,4,2.03,CN,1670292620
224,severo-kurilsk,50.6789,156.125,-3.72,75,90,7.96,RU,1670292539
225,college,64.8569,-147.8028,-5.06,91,100,0.0,US,1670292620
226,mahebourg,-20.4081,57.7,23.47,79,45,6.96,MU,1670292621
227,hit,33.6416,42.8251,13.12,56,5,1.82,IQ,1670292621
228,bima,-8.4667,118.7167,31.63,61,90,0.08,ID,1670292622
229,talakan,50.3167,130.3667,-16.08,89,100,2.66,RU,1670292622
230,natal,-5.795,-35.2094,26.36,78,40,5.66,BR,1670292502
231,san cristobal,7.7669,-72.225,18.1,98,46,1.53,VE,1670292623
232,nizhniy tsasuchey,50.5167,115.1333,-8.63,64,100,9.01,RU,1670292623
233,elko,41.0002,-115.5012,-2.99,94,97,0.24,US,1670292431
234,bassar,9.25,0.7833,23.98,26,94,2.1,TG,1670292624
235,benghazi,32.1167,20.0667,18.5,50,41,3.35,LY,1670292624
236,alta floresta,-9.8756,-56.0861,20.99,99,98,1.14,BR,1670292625
237,sinnamary,5.3833,-52.95,24.93,90,86,3.93,GF,1670292625
238,venice,27.0998,-82.4543,21.66,89,0,0.0,US,1670292626
239,la palma,33.8464,-118.0467,15.74,70,0,0.45,US,1670292203
240,imelda,7.65,123.95,28.67,72,100,1.01,PH,1670292627
241,ballina,-28.8667,153.5667,33.9,42,0,2.84,AU,1670292627
242,riyadh,24.6877,46.7219,18.08,43,6,4.12,SA,1670292419
243,silago,10.5291,125.1618,28.0,77,52,4.27,PH,1670292628
244,saldanha,-33.0117,17.9442,15.85,82,23,5.03,ZA,1670292628
245,olga,43.7444,135.2892,-6.58,49,0,1.31,RU,1670292629
246,san carlos,9.6612,-68.5827,20.42,79,6,2.27,VE,1670292629
247,bellmead,31.594,-97.1089,22.1,77,0,5.66,US,1670292630
248,kruisfontein,-34.0033,24.7314,13.82,81,100,3.65,ZA,1670292630
249,fort nelson,58.8053,-122.7002,-26.7,82,52,0.45,CA,1670292631
250,east london,-33.0153,27.9116,15.0,79,53,3.73,ZA,1670292631
251,te anau,-45.4167,167.7167,11.43,81,99,1.43,NZ,1670292631
252,asosa,10.0667,34.5333,17.5,44,18,1.78,ET,1670292632
253,san felipe,10.3399,-68.7425,18.66,96,44,0.64,VE,1670292632
254,swindon,51.558,-1.7812,5.51,93,75,4.12,GB,1670292633
255,guerrero negro,27.9769,-114.0611,17.1,90,19,7.45,MX,1670292633
256,mount isa,-20.7333,139.5,36.87,15,0,3.6,AU,1670292634
257,januaria,-15.4833,-44.3667,19.78,95,81,1.35,BR,1670292538
258,maltahohe,-24.8333,16.9833,14.1,23,0,1.81,NA,1670292634
259,roald,62.5833,6.1333,4.86,81,75,7.2,NO,1670292635
260,iqaluit,63.7506,-68.5145,-21.41,98,60,1.66,CA,1670292635
261,jizan,17.3333,42.6667,25.11,73,0,2.09,SA,1670292636
262,wurzburg,49.7878,9.9361,4.02,91,100,2.38,DE,1670292636
263,grindavik,63.8424,-22.4338,1.26,93,0,2.06,IS,1670292637
264,harer,9.3094,42.1258,11.94,43,4,0.68,ET,1670292637
265,weyburn,49.6668,-103.8511,-21.03,94,99,2.14,CA,1670292418
266,aquidauana,-20.4711,-55.7872,25.06,80,96,1.25,BR,1670292530
267,umba,66.6871,34.3429,-1.96,91,100,7.1,RU,1670292638
268,sitka,57.0531,-135.33,1.94,93,100,1.54,US,1670292638
269,sawakin,19.1059,37.3321,25.16,78,24,3.6,SD,1670292639
270,nanortalik,60.1432,-45.2371,1.91,78,100,6.76,GL,1670292639
271,batagay-alyta,67.8006,130.4114,-27.85,98,100,0.99,RU,1670292640
272,arman,59.7,150.1667,-24.99,87,13,3.05,RU,1670292640
273,vardo,70.3705,31.1107,-2.01,93,75,8.23,NO,1670292640
274,gaoua,10.2992,-3.2508,25.59,29,40,1.57,BF,1670292641
275,egvekinot,66.3167,-179.1667,-8.81,83,100,13.01,RU,1670292641
276,hualmay,-11.0964,-77.6139,18.9,86,86,3.31,PE,1670292642
277,lawton,34.6087,-98.3903,18.95,67,75,1.54,US,1670292642
278,narsaq,60.9167,-46.05,6.12,71,99,5.54,GL,1670292643
279,provideniya,64.3833,-173.3,0.2,93,100,15.2,RU,1670292643
280,kandrian,-6.2167,149.55,28.19,81,94,4.19,PG,1670292643
281,nantucket,41.2835,-70.0995,7.86,81,0,4.12,US,1670292644
282,fare,-16.7,-151.0167,26.81,73,8,6.94,PF,1670292644
283,tenenkou,14.4572,-4.9169,28.23,20,100,3.02,ML,1670292645
284,chokurdakh,70.6333,147.9167,-40.34,100,40,1.57,RU,1670292645
285,orlik,52.5178,99.825,-25.45,82,99,1.25,RU,1670292646
286,vajszlo,45.8596,17.9841,5.72,92,97,3.22,HU,1670292646
287,vrangel,42.7297,133.0839,-3.89,50,1,7.39,RU,1670292646
288,rorvik,64.8621,11.2373,3.06,75,40,5.66,NO,1670292647
289,burnie,-41.0667,145.9167,16.64,50,8,3.71,AU,1670292647
290,bathsheba,13.2167,-59.5167,23.36,94,20,2.57,BB,1670292648
291,harlingen,26.1906,-97.6961,23.92,95,40,4.63,US,1670292648
292,arsenyev,44.1631,133.2733,-7.78,55,2,4.02,RU,1670292649
293,sapouy,11.5544,-1.7736,24.64,29,49,2.8,BF,1670292649
294,sao filipe,14.8961,-24.4956,22.52,66,26,1.51,CV,1670292649
295,bonfim,3.0833,-59.95,24.83,82,100,1.74,BR,1670292650
296,santiago,-33.4569,-70.6483,23.81,35,0,4.12,CL,1670291846
297,buin,-33.7333,-70.75,24.3,47,0,1.07,CL,1670292651
298,marawi,7.9986,124.2928,26.32,65,100,1.27,PH,1670292651
299,morehead,37.2711,-87.1764,9.44,99,100,1.54,US,1670292652
300,coihaique,-45.5752,-72.0662,9.97,57,0,2.57,CL,1670292520
301,umea,63.8284,20.2597,-6.04,93,14,1.54,SE,1670292652
302,decatur,39.8403,-88.9548,5.03,93,100,2.06,US,1670292520
303,boke,10.9409,-14.2967,22.86,86,39,1.47,GN,1670292653
304,castro,-24.7911,-50.0119,18.81,95,97,1.15,BR,1670292419
305,kattivakkam,13.2167,80.3167,25.05,74,52,4.22,IN,1670292654
306,borisovka,50.6236,35.9903,-10.92,48,71,3.99,RU,1670292654
307,rudnogorsk,57.2639,103.7519,-14.21,91,100,5.58,RU,1670292654
308,nabire,-3.3667,135.4833,30.85,53,44,1.88,ID,1670292655
309,kidal,18.4411,1.4078,24.51,17,100,4.49,ML,1670292655
310,hobyo,5.3505,48.5268,25.78,84,73,8.6,SO,1670292656
311,hambantota,6.1241,81.1185,23.19,100,20,1.03,LK,1670292373
312,klaksvik,62.2266,-6.589,3.51,61,88,11.54,FO,1670292656
313,anadyr,64.75,177.4833,-0.72,100,75,22.8,RU,1670292657
314,champerico,14.3,-91.9167,26.0,79,28,0.94,GT,1670292657
315,saint-paul,-21.0096,55.2707,25.05,76,100,2.74,RE,1670292658
316,poum,-20.2333,164.0167,27.47,80,100,6.19,NC,1670292658
317,haines junction,60.7522,-137.5108,-13.89,97,67,0.88,CA,1670292658
318,chalus,36.655,51.4204,7.3,71,47,3.09,IR,1670292659
319,alofi,-19.0595,-169.9187,29.94,62,40,2.57,NU,1670292660
320,nuevo san juan parangaricutiro,19.4,-102.1333,14.52,80,0,1.78,MX,1670292660
321,bandiagara,14.3501,-3.6104,27.02,21,99,4.03,ML,1670292660
322,coquimbo,-29.9533,-71.3436,14.85,94,0,1.54,CL,1670292661
323,pevek,69.7008,170.3133,-24.59,83,100,1.3,RU,1670292661
324,gat,31.61,34.7642,14.67,100,2,1.88,IL,1670292661
325,linqiong,30.4159,103.4609,7.72,78,100,1.41,CN,1670292662
326,hovd,48.0056,91.6419,-16.9,79,27,1.63,MN,1670292662
327,ondjiva,-17.0667,15.7333,23.74,49,53,2.65,AO,1670292663
328,nautla,20.2167,-96.7833,23.37,86,0,5.62,MX,1670292663
329,bafq,31.6128,55.4107,5.83,61,9,0.94,IR,1670292664
330,leiyang,26.4024,112.8591,5.53,87,100,1.55,CN,1670292664
331,lompoc,34.6391,-120.4579,12.79,93,0,2.57,US,1670292665
332,xuddur,4.1213,43.8894,21.48,87,16,4.62,SO,1670292665
333,caravelas,-17.7125,-39.2481,22.11,89,85,2.22,BR,1670292665
334,trat,12.5,102.5,28.82,80,100,4.96,TH,1670292666
335,lagoa,39.05,-27.9833,16.0,77,100,11.62,PT,1670292666
336,dawei,14.0833,98.2,27.58,66,79,5.37,MM,1670292667
337,hojai,26.0,92.8667,17.32,80,0,1.23,IN,1670292345
338,broken hill,-31.95,141.4333,24.54,24,96,2.53,AU,1670292667
339,shingu,33.7333,135.9833,12.33,50,0,2.12,JP,1670292668
340,murchison,-41.8,172.3333,23.61,34,4,2.29,NZ,1670292668
341,kaeo,-35.1,173.7833,18.25,84,100,2.78,NZ,1670292669
342,axim,4.8699,-2.2405,25.81,87,63,2.29,GH,1670292669
343,avdiyivka,48.1399,37.7426,-6.22,41,1,5.78,UA,1670292670
344,port elizabeth,-33.918,25.5701,15.73,90,100,4.92,ZA,1670292670
345,lethem,3.3803,-59.7968,24.49,84,98,2.68,GY,1670292670
346,murud,18.3258,72.965,24.56,72,7,1.73,IN,1670292496
347,cidreira,-30.1811,-50.2056,21.78,92,100,3.61,BR,1670292671
348,north bend,43.4065,-124.2243,8.42,97,100,0.0,US,1670292435
349,sorland,67.667,12.6934,1.92,79,100,16.36,NO,1670292672
350,torbay,47.6666,-52.7314,4.86,95,100,0.45,CA,1670292672
351,ponta delgada,37.7333,-25.6667,17.4,77,20,6.69,PT,1670292673
352,fairbanks,64.8378,-147.7164,-5.05,91,100,0.0,US,1670292551
353,lebedinyy,58.5167,125.5167,-19.82,96,100,2.9,RU,1670292674
354,saiha,22.4833,92.9667,20.36,63,7,0.84,IN,1670292674
355,assiniboia,49.6334,-105.9845,-15.21,95,100,1.97,CA,1670292485
356,vodnyy,63.5046,53.4095,-14.3,88,72,3.02,RU,1670292675
357,matara,5.9485,80.5353,24.44,87,100,1.62,LK,1670292675
358,necochea,-38.5473,-58.7368,25.52,44,14,9.64,AR,1670292676
359,port hedland,-20.3167,118.5667,40.03,15,54,3.6,AU,1670292676
360,altamont,42.2068,-121.7372,1.05,91,75,0.0,US,1670292677
361,acandi,8.5063,-77.2778,23.91,91,100,2.02,CO,1670292677
362,honolulu,21.3069,-157.8583,26.59,78,74,3.58,US,1670291955
363,waverly,42.7392,-84.6208,4.09,57,100,2.57,US,1670292460
364,myitkyina,25.3833,97.4,18.22,50,0,1.12,MM,1670292678
365,kavieng,-2.5744,150.7967,28.77,69,68,0.47,PG,1670292679
366,sakakah,29.9697,40.2064,12.68,65,12,3.51,SA,1670292679
367,saint-pierre,-21.3393,55.4781,23.84,64,75,2.06,RE,1670292449
368,bichura,50.5881,107.6022,-15.18,77,100,3.25,RU,1670292680
369,araouane,18.9048,-3.5265,25.86,16,96,2.81,ML,1670292680
370,linxia,35.6003,103.2064,-0.61,46,5,0.17,CN,1670292681
371,meulaboh,4.1363,96.1285,25.09,86,100,2.47,ID,1670292681
372,bonito,-21.1211,-56.4819,22.02,96,100,1.06,BR,1670292681
373,faya,18.3851,42.4509,10.29,63,0,1.46,SA,1670292682
374,maldonado,-34.6667,-54.9167,21.24,75,0,3.78,UY,1670292682
375,price,39.5994,-110.8107,3.59,70,100,2.57,US,1670292683
376,avera,33.194,-82.5271,11.88,99,100,3.13,US,1670292683
377,bethel,41.3712,-73.414,3.84,79,0,0.0,US,1670292684
378,awjilah,29.1081,21.2869,16.72,35,77,3.44,LY,1670292684
379,cherskiy,68.75,161.3,-22.41,90,100,2.27,RU,1670292685
380,lancaster,40.2504,-76.2499,3.07,76,0,2.06,US,1670292603
381,florencia,43.7667,11.25,12.28,97,75,2.06,IT,1670292685
382,bonavista,48.6499,-53.1147,2.33,90,98,4.5,CA,1670292686
383,aberfeldy,56.62,-3.8645,2.49,83,75,2.06,GB,1670292686
384,saint-joseph,-21.3667,55.6167,23.21,82,100,4.43,RE,1670292687
385,kleive,62.7954,7.6359,4.18,100,100,1.54,NO,1670292687
386,ugoofaaru,5.6667,73.0,26.79,78,100,4.96,MV,1670292687
387,mercedes,-34.6515,-59.4307,25.44,48,0,4.9,AR,1670292688
388,ancud,-41.8697,-73.8203,12.1,96,48,1.5,CL,1670292688
389,hami,42.8,93.45,-5.0,41,100,1.82,CN,1670292689
390,bata,1.8639,9.7658,25.73,86,97,0.86,GQ,1670292689
391,cap malheureux,-19.9842,57.6142,23.59,79,97,0.89,MU,1670292690
392,progreso,21.2833,-89.6667,25.62,74,97,6.8,MX,1670292690
393,yuanping,38.7153,112.7575,-2.59,31,0,0.79,CN,1670292691
394,vredendal,-31.6683,18.5012,13.15,82,70,2.9,ZA,1670292691
395,saint-georges,12.0564,-61.7485,24.41,76,100,3.22,GD,1670292692
396,hokitika,-42.7167,170.9667,16.74,64,29,3.8,NZ,1670292692
397,bandarbeyla,9.4942,50.8122,24.2,73,65,7.87,SO,1670292693
398,tripoli,32.8752,13.1875,18.44,49,11,3.49,LY,1670292693
399,imeni poliny osipenko,52.4201,136.4853,-15.74,82,100,4.49,RU,1670292694
400,hofn,64.2539,-15.2082,1.44,69,68,3.93,IS,1670292694
401,bhilwara,25.35,74.6333,13.51,53,0,1.58,IN,1670292437
402,evans,33.5337,-82.1307,11.11,96,100,1.54,US,1670292695
403,wanning,18.8003,110.3967,20.26,80,90,6.0,CN,1670292695
404,bayir,37.2687,28.2167,4.29,85,0,1.46,TR,1670292696
405,burns lake,54.2331,-125.7533,-14.43,98,65,1.35,CA,1670292612
406,bali chak,22.3667,87.55,17.34,46,5,3.54,IN,1670292696
407,coahuayana,18.7333,-103.6833,24.09,88,10,0.1,MX,1670292697
408,kjollefjord,70.9457,27.3465,3.03,93,75,4.12,NO,1670292697
409,huai mek,16.5898,103.2355,21.02,67,100,3.02,TH,1670292698
410,leesburg,39.1157,-77.5636,4.56,72,0,3.13,US,1670292698
411,rosario,-32.9468,-60.6393,28.47,55,0,3.09,AR,1670292613
412,lander,42.833,-108.7307,-0.55,40,0,8.75,US,1670292421
413,yerbogachen,61.2767,108.0108,-12.67,91,100,4.43,RU,1670292699
414,caconda,-13.7333,15.0667,16.68,88,100,1.1,AO,1670292700
415,inhambane,-23.865,35.3833,24.79,91,66,3.44,MZ,1670292700
416,dunedin,-45.8742,170.5036,11.56,74,100,3.58,NZ,1670292700
417,bartica,6.4,-58.6167,24.18,99,37,0.96,GY,1670292701
418,half moon bay,37.4636,-122.4286,12.66,86,100,2.57,US,1670292586
419,bagotville,-28.9833,153.4167,33.81,42,0,1.92,AU,1670292701
420,la ronge,55.1001,-105.2842,-24.19,95,99,2.73,CA,1670292702
421,nikolskoye,59.7035,30.7861,-6.16,87,100,3.79,RU,1670292702
422,ojinaga,29.5667,-104.4167,21.98,49,40,0.0,MX,1670292703
423,san juan evangelista,17.9,-95.1333,21.61,91,16,1.12,MX,1670292703
424,kurchum,48.5722,83.6542,-21.74,100,98,0.34,KZ,1670292704
425,rawson,-43.3002,-65.1023,20.7,46,23,3.58,AR,1670292704
426,gunjur,13.2019,-16.7339,24.05,75,4,4.65,GM,1670292705
427,quang ngai,15.1167,108.8,23.78,90,100,4.83,VN,1670292705
428,san vicente,-26.6167,-54.1333,20.39,89,38,1.31,AR,1670292422
429,longyearbyen,78.2186,15.6401,-14.09,61,40,9.26,SJ,1670292706
430,san roque,36.2107,-5.3842,15.46,88,75,2.06,ES,1670292706
431,saint anthony,45.0205,-93.218,-4.22,58,20,5.66,US,1670292706
432,clyde river,70.4692,-68.5914,-8.87,100,100,1.03,CA,1670292707
433,brae,60.3964,-1.353,5.33,64,99,10.48,GB,1670292708
434,aragarcas,-15.8975,-52.2508,21.57,92,99,1.5,BR,1670292708
435,jackson,42.4165,-122.8345,7.62,79,75,2.57,US,1670292422
436,fort wellington,6.4,-57.6,24.14,85,47,1.91,GY,1670292709
437,sao joao da barra,-21.6403,-41.0511,23.57,85,100,10.12,BR,1670292709
438,gorno-altaysk,51.9561,85.955,-16.84,98,100,0.65,RU,1670292709
439,majene,-3.5403,118.9707,28.98,69,100,2.4,ID,1670292710
440,aktau,43.65,51.2,-13.68,44,0,1.68,KZ,1670292710
441,the valley,18.217,-63.0578,26.17,69,13,7.01,AI,1670292558
442,bukama,-9.2,25.85,18.8,97,97,0.8,CD,1670292711
443,sidvokodvo,-26.6282,31.4202,19.21,93,100,1.64,SZ,1670292712
444,leningradskiy,69.3833,178.4167,-23.95,92,81,1.62,RU,1670292712
445,arona,28.0996,-16.681,17.99,77,40,3.6,ES,1670292713
446,maxixe,-23.8597,35.3472,24.3,92,63,2.94,MZ,1670292713
447,kutum,14.2,24.6667,14.08,30,0,5.44,SD,1670292713
448,faanui,-16.4833,-151.75,26.64,76,25,7.37,PF,1670292714
449,yumen,40.2833,97.2,-9.11,89,99,0.49,CN,1670292714
450,chicama,-7.8447,-79.1469,17.3,81,0,2.59,PE,1670292715
451,samana,19.2056,-69.3369,24.12,76,1,5.1,DO,1670292715
452,puerto varas,-41.3195,-72.9854,13.12,100,75,0.0,CL,1670292716
453,yalutorovsk,56.6536,66.3006,-21.65,100,42,1.67,RU,1670292716
454,nome,64.5011,-165.4064,-0.96,80,100,10.29,US,1670292436
455,walvis bay,-22.9575,14.5053,13.94,89,0,5.21,NA,1670292717
456,winthrop,42.3751,-70.9828,7.34,79,20,2.57,US,1670292534
457,sassandra,4.95,-6.0833,25.07,88,57,2.24,CI,1670292717
458,lata,40.1629,-8.3327,11.15,92,100,0.53,PT,1670292718
459,tatawin,32.9297,10.4518,14.82,34,97,2.32,TN,1670292718
460,gifhorn,52.4833,10.55,2.78,99,100,3.09,DE,1670292719
461,araguacu,-12.9306,-49.8264,22.89,90,100,0.58,BR,1670292719
462,mangai,-4.05,19.5333,20.67,94,100,0.48,CD,1670292720
463,san quintin,30.4833,-115.95,15.61,75,0,7.43,MX,1670292564
464,babu,24.4167,111.5167,9.2,72,57,1.93,CN,1670292720
465,acarau,-2.8856,-40.12,26.3,78,7,7.76,BR,1670292597
466,atambua,-9.1061,124.8925,29.7,51,23,1.37,ID,1670292721
467,sistranda,63.7256,8.834,3.98,61,100,11.14,NO,1670292721
468,buala,-8.145,159.5921,28.7,75,85,2.49,SB,1670292722
469,talara,-4.5772,-81.2719,21.42,73,100,3.6,PE,1670292722
470,mattru,7.6244,-11.8332,23.45,95,41,0.39,SL,1670292723
471,girey,45.4012,40.6587,-4.03,77,8,8.42,RU,1670292723
472,chokwe,-24.5333,32.9833,22.43,92,89,2.88,MZ,1670292547
473,vao,-22.6667,167.4833,25.54,86,81,4.66,NC,1670292724
474,butte,39.6499,-121.5677,11.01,74,20,4.63,US,1670292724
475,nouadhibou,20.931,-17.0347,18.25,84,44,6.13,MR,1670292725
476,griffith,41.5284,-87.4237,5.5,79,100,4.63,US,1670292725
477,severnyy,50.677,36.5532,-10.98,79,0,4.0,RU,1670292726
478,upata,8.0086,-62.3989,20.37,97,30,1.59,VE,1670292726
479,tessalit,20.1986,1.0114,24.06,16,96,4.27,ML,1670292727
480,pandamatenga,-18.5278,25.627,24.96,38,99,1.39,BW,1670292727
481,pishin,30.5803,66.9961,6.05,46,0,0.97,PK,1670292728
482,rio gallegos,-51.6226,-69.2181,9.03,40,40,6.17,AR,1670292728
483,samarai,-10.6167,150.6667,28.78,68,95,3.56,PG,1670292729
484,saint-michel-des-saints,46.6834,-73.9159,-1.15,69,100,4.25,CA,1670292729
485,whitehorse,60.7161,-135.0538,-14.57,85,100,1.54,CA,1670292469
486,wamba,8.9333,8.6,20.71,19,1,1.91,NG,1670292730
487,markova,48.6758,24.4138,0.8,98,98,1.53,UA,1670292730
488,baykit,61.67,96.37,-15.83,96,92,2.83,RU,1670292731
489,rocha,-34.4833,-54.3333,16.01,94,0,3.02,UY,1670292566
490,namibe,-15.1961,12.1522,19.93,83,100,2.73,AO,1670292731
491,tigil,57.8,158.6667,-8.25,92,100,6.14,RU,1670292732
492,montpellier,43.6109,3.8772,4.29,87,0,1.54,FR,1670292732
493,glendive,47.1053,-104.7125,-8.06,87,100,5.66,US,1670292733
494,trelew,-43.249,-65.3051,24.33,25,9,7.29,AR,1670292625
495,yamada,39.4667,141.95,3.86,92,100,1.22,JP,1670292733
496,turukhansk,65.8167,87.9833,-4.61,95,100,6.67,RU,1670292734
497,rogers,36.3668,-95.5836,13.0,93,100,2.57,US,1670292734
498,nuuk,64.1835,-51.7216,3.4,73,100,13.12,GL,1670292735
499,dukat,62.55,155.55,-26.43,97,100,2.03,RU,1670292735
500,danville,36.586,-79.395,7.46,74,100,1.54,US,1670292732
501,camana,-16.6228,-72.7111,20.13,81,100,1.59,PE,1670292736
502,tura,25.5198,90.2201,18.33,75,0,1.16,IN,1670292736
503,altay,47.8667,88.1167,-15.54,81,55,2.82,CN,1670292568
504,madang,-5.2246,145.7966,29.44,68,79,2.21,PG,1670292737
505,ligayan,4.6533,119.4706,28.02,74,61,2.42,PH,1670292737
506,murovani kurylivtsi,48.7235,27.5189,-2.55,84,100,5.4,UA,1670292738
507,vestmanna,62.1564,-7.1664,2.51,56,75,6.17,FO,1670292738
508,gornopravdinsk,60.05,69.9,-20.83,100,99,1.57,RU,1670292739
509,elektrenai,54.7667,24.6333,-3.09,92,100,4.97,LT,1670292739
510,pemangkat,1.1667,108.9667,27.82,75,69,1.57,ID,1670292740
511,ayagoz,47.9714,80.4392,-27.65,100,87,2.19,KZ,1670292740
512,sussex,41.1834,-74.6663,2.86,73,0,0.45,US,1670292741
513,quatre cocos,-20.2078,57.7625,23.38,80,66,7.0,MU,1670292741
514,korla,41.7597,86.1469,-4.54,42,100,2.59,CN,1670292742
515,luena,-11.7833,19.9167,15.19,98,60,1.84,AO,1670292742
516,woodburn,45.1437,-122.8554,4.18,83,100,1.54,US,1670292743
517,gossas,14.4912,-16.0642,22.5,53,8,3.0,SN,1670292743
518,redding,40.5865,-122.3917,8.87,88,100,3.6,US,1670292542
519,constitucion,-35.3333,-72.4167,13.27,80,0,3.98,CL,1670292744
520,sobolevo,54.4299,31.8996,-9.26,87,100,4.61,RU,1670292744
521,eyrarbakki,63.863,-21.1481,-4.33,55,7,2.4,IS,1670292745
522,mayo,38.8876,-76.5119,4.97,88,0,1.54,US,1670292745
523,kholtoson,50.2981,103.3097,-21.56,84,64,1.57,RU,1670292746
524,nacala,-14.5428,40.6728,25.69,85,14,4.11,MZ,1670292746
525,aklavik,68.2191,-135.0107,-24.94,84,92,8.49,CA,1670292747
526,hall,34.3168,-83.7832,8.08,94,100,4.12,US,1670292747
527,northam,51.0333,-4.2167,6.33,81,100,6.76,GB,1670292748
528,manggar,-2.8833,108.2667,28.57,71,100,1.52,ID,1670292748
529,gewane,10.1664,40.6453,20.8,58,58,1.68,ET,1670292749
530,shymkent,42.3,69.6,-9.67,86,75,3.0,KZ,1670292749
531,port augusta,-32.5,137.7667,28.58,25,100,1.94,AU,1670292749
532,petropavlovsk-kamchatskiy,53.0452,158.6483,-7.67,73,75,4.0,RU,1670292750
533,sibenik,43.7272,15.9058,15.81,83,71,1.79,HR,1670292750
534,priargunsk,50.3691,119.1012,-11.14,82,100,6.0,RU,1670292751
535,jacmel,18.2342,-72.5347,23.91,71,0,2.53,HT,1670292751
536,port lincoln,-34.7333,135.8667,18.71,59,98,4.4,AU,1670292752
537,canar,-2.55,-78.9333,7.82,93,93,0.51,EC,1670292752
538,lavrentiya,65.5833,-171.0,-1.67,97,100,14.94,RU,1670292741
539,ormara,25.2088,64.6357,22.34,54,0,3.31,PK,1670292753
540,neiafu,-18.65,-173.9833,30.38,66,40,3.6,TO,1670292753
541,nurota,40.5614,65.6886,-6.67,57,7,0.65,UZ,1670292754
542,kjopsvik,68.097,16.3742,0.93,93,100,4.44,NO,1670292754
543,jardim,-21.4803,-56.1381,22.41,96,100,1.11,BR,1670292671
544,yeppoon,-23.1333,150.7333,31.88,47,0,2.61,AU,1670292755
545,otane,-39.8833,176.6333,19.45,34,100,1.91,NZ,1670292755
546,khanpur,28.6453,70.6567,13.98,31,0,0.97,PK,1670292756
547,cairns,-16.9167,145.7667,36.7,46,0,4.12,AU,1670292610
548,avila,40.5833,-5.0,7.58,98,100,2.02,ES,1670292756
549,wainwright,52.839,-110.8572,-19.65,96,99,4.76,CA,1670292757
550,maneromango,-7.1988,38.7848,19.82,98,100,0.82,TZ,1670292757
551,ihosy,-22.4,46.1167,19.48,90,98,1.74,MG,1670292758
552,halifax,44.6453,-63.5724,1.93,80,50,1.34,CA,1670292636
553,cap-aux-meules,47.3821,-61.8597,2.51,62,36,6.19,CA,1670292758
554,muzaffarabad,34.37,73.4711,10.56,36,99,2.14,PK,1670292759
555,santiago del estero,-27.7951,-64.2615,29.33,24,35,4.36,AR,1670292475
556,kapit,2.0167,112.9333,29.52,69,100,0.39,MY,1670292759
557,canto do buriti,-8.11,-42.9444,24.15,71,100,2.17,BR,1670292760
558,maceio,-9.6658,-35.7353,22.69,94,75,2.06,BR,1670292760
559,tezu,27.9167,96.1667,20.05,35,0,0.55,IN,1670292761
560,myre,69.1036,15.9492,1.61,75,100,13.88,NO,1670292761
561,cortes,41.9395,-1.4396,6.6,80,100,0.48,ES,1670292761
562,tekeli,44.83,78.8239,-8.67,92,100,2.13,KZ,1670292762
563,alyangula,-13.8483,136.4192,31.1,52,12,4.83,AU,1670292762
564,carbonia,39.1672,8.5222,8.89,70,86,2.48,IT,1670292763
565,pisco,-13.7,-76.2167,19.45,82,0,5.14,PE,1670292763
566,opotiki,-38.0833,177.2833,21.88,61,100,3.23,NZ,1670292764
567,gonbad-e qabus,37.25,55.1672,3.2,76,23,1.07,IR,1670292764
568,sungaipenuh,-2.0833,101.3833,22.37,76,100,0.62,ID,1670292765
569,batticaloa,7.7102,81.6924,25.51,82,100,3.89,LK,1670292765
570,kushiro,42.975,144.3747,1.04,42,0,2.69,JP,1670292766
571,liberal,37.0431,-100.921,6.08,39,0,7.72,US,1670292766
572,port macquarie,-31.4333,152.9167,23.4,66,45,8.52,AU,1670292114
573,nelson bay,-32.7167,152.15,22.84,67,68,4.02,AU,1670292767
574,oranjemund,-28.55,16.4333,15.03,89,65,6.32,NA,1670292767
575,duluth,46.7833,-92.1066,-8.73,66,100,5.66,US,1670292568
576,fernley,39.608,-119.2518,3.75,52,97,1.34,US,1670292768
577,fern creek,38.1598,-85.5877,7.98,95,100,2.57,US,1670292768
578,pontianak,-0.0333,109.3333,29.56,68,100,0.51,ID,1670292769
579,lodja,-3.4833,23.4333,19.33,99,100,0.65,CD,1670292770
580,bonaventure,48.0457,-65.4926,1.28,82,100,4.83,CA,1670292770
581,shipitsyno,61.2806,46.5208,-11.48,90,100,2.82,RU,1670292770
582,gerede,40.8008,32.1969,2.8,80,99,0.36,TR,1670292771
583,alushta,44.6667,34.4167,4.85,82,85,2.74,UA,1670292771
584,praxedis guerrero,31.3667,-106.0167,17.7,60,11,2.08,MX,1670292772
585,lewisporte,49.2499,-55.0482,-0.25,96,28,0.05,CA,1670292772
586,wajima,37.4,136.9,10.65,83,97,8.48,JP,1670292773
587,yar-sale,66.8333,70.8333,-17.13,97,25,3.13,RU,1670292773
588,chepen,-7.2167,-79.45,19.26,77,3,2.76,PE,1670292773
589,mountain home,43.133,-115.6912,-2.29,100,100,1.54,US,1670292774
590,fukue,32.6881,128.8419,10.02,58,46,9.82,JP,1670292774
591,lugovoy,42.9472,72.7644,-6.58,92,88,1.41,KZ,1670292775
592,diego de almagro,-26.3667,-70.05,19.06,39,0,0.51,CL,1670292775
593,road town,18.4167,-64.6167,26.05,67,28,8.24,VG,1670292776
594,serrinha,-11.6642,-39.0075,20.07,94,74,2.05,BR,1670292776
595,imeni babushkina,59.7573,43.1285,-11.03,93,93,2.67,RU,1670292777
596,verkhnevilyuysk,63.4453,120.3167,-23.08,95,100,3.02,RU,1670292777
597,jablah,35.3614,35.9256,15.68,64,40,2.41,SY,1670292777
598,homer,59.6425,-151.5483,3.76,92,100,3.09,US,1670292750
